{
  "box": 0.08992184090841694,
  "cls": 3.4797333463743954,
  "data": "/workspace/coco8.yaml",
  "degrees": 44.79178931390146,
  "fliplr": 0.13627243495736074,
  "flipud": 0.2145049176258642,
  "hsv_h": 0.024979385366298058,
  "hsv_s": 0.12311139249929653,
  "hsv_v": 0.4063225623614855,
  "lr0": 0.050080694580150215,
  "lrf": 0.6988807719737588,
  "mixup": 0.5865887452829078,
  "momentum": 0.6119902478111164,
  "mosaic": 0.6914917035709975,
  "perspective": 0.0008760587698519479,
  "scale": 0.007866444485129477,
  "shear": 9.01652210046077,
  "translate": 0.8196074097371188,
  "warmup_epochs": 3.582355629374025,
  "weight_decay": 0.0007256289267891659
}