{
  "box": 0.08408100901904626,
  "cls": 0.4183019907568637,
  "data": "/workspace/coco8.yaml",
  "degrees": 17.264549712221942,
  "fliplr": 0.6583524705586761,
  "flipud": 0.2409114794940156,
  "hsv_h": 0.05964257524400629,
  "hsv_s": 0.15922674265255712,
  "hsv_v": 0.887076597839033,
  "lr0": 0.0478530866452082,
  "lrf": 0.8769132451109571,
  "mixup": 0.6968045405098596,
  "momentum": 0.9405309813175575,
  "mosaic": 0.1809799735208545,
  "perspective": 0.0006858553238819807,
  "scale": 0.7369550962164918,
  "shear": 6.071393355873223,
  "translate": 0.6892481248491701,
  "warmup_epochs": 1.0177537862087598,
  "weight_decay": 0.00023947122586242964
}